Gene;B Memory;B Naive;Basophils LD;CD4+ effector;CD8 activated;MAIT;mDCs;Monocytes C;Monocytes NC+I;Naive T cells;Neutrophils LD;NK;pDCs;Plasmablasts;VD2-;VD2+
38596;1;1;0;0;0;0;0;0;0;0;12;0;1;0;0;0
AATK;0;0;0;0;0;0;0;2;1;0;18;1;0;0;0;0
ABC7-481722F1.1;0;0;0;0;0;0;1;5;2;0;17;0;0;0;0;0
ABCB4;9;41;0;0;1;0;5;0;0;0;0;1;1;0;0;0
ABCC3;4;6;5;3;2;2;4;14;65;4;3;4;3;1;2;1
AC002480.4;0;10;0;0;0;0;0;0;0;0;0;0;0;0;0;0
AC002480.5;2;16;0;0;0;0;0;0;0;0;0;0;0;0;0;0
AC002511.3;0;0;4;0;0;0;0;3;1;0;27;0;0;0;0;0
AC007381.3;1;2;0;0;0;0;0;0;0;0;0;0;16;0;0;0
AC008074.5;0;0;0;0;0;0;0;0;0;0;14;0;0;0;0;0
AC008697.1;13;2;0;1;0;0;0;0;0;0;0;0;0;0;0;0
AC009237.17;0;0;25;0;0;0;0;0;0;0;0;0;0;0;0;0
AC009238.7;0;0;25;0;0;0;0;0;0;0;0;0;0;0;0;0
AC010468.2;1;0;0;19;5;10;0;0;0;44;0;0;0;0;2;9
AC011380.8;2;2;1;2;1;0;1;25;2;1;14;1;1;0;1;0
AC011893.3;0;0;0;0;0;0;0;0;0;0;0;0;78;0;0;0
AC011899.9;0;1;4;0;0;0;7;15;49;0;7;0;0;0;0;0
AC012314.19;0;3;6;1;0;2;14;32;17;0;376;0;2;0;0;0
AC018643.4;0;0;0;0;0;0;0;0;0;0;0;0;20;0;0;0
AC022816.2;0;0;2;1;0;1;1;0;0;1;17;0;1;0;1;0
AC023590.1;8;6;3;6;1;5;3;2;3;6;3;3;228;3;2;1
AC068724.1;12;11;0;0;0;0;0;0;0;0;0;0;37;2;0;0
AC099552.2;0;0;0;0;0;0;0;0;30;0;0;0;0;0;0;0
AC103563.5;10;1;0;1;0;0;0;0;0;0;0;0;0;62;0;0
AC103563.9;0;0;0;9;0;0;0;0;0;18;0;0;0;0;1;0
AC104809.4;1;0;0;0;0;0;0;1;164;0;0;0;0;0;0;0
ACSL1;21;12;57;8;10;7;28;145;82;5;1430;12;9;3;9;8
ADAM12;0;0;0;6;0;41;0;1;0;0;0;0;0;0;0;0
ADAMTS1;0;2;0;0;4;1;1;1;1;1;0;34;0;0;7;4
ADM;2;2;0;0;0;0;2;36;19;0;393;0;0;1;0;0
AEBP1;2;12;1;3;1;0;0;0;0;11;0;1;54;0;1;2
AF001550.9;0;0;0;0;0;0;0;0;0;0;0;0;13;0;0;0
AF064858.10;0;0;12;0;0;0;1;0;0;0;0;0;0;0;0;0
AIF1;12;18;1;3;0;0;210;247;579;21;226;3;16;1;0;2
AIM2;211;45;8;6;4;3;5;11;11;1;27;2;0;22;2;3
AK8;16;1;0;0;0;0;0;0;0;0;0;1;0;0;0;0
AKAP12;0;0;125;0;0;0;0;0;0;0;0;0;0;0;0;0
AL122127.25;114;320;1;0;0;0;0;0;0;2;0;0;9;51;0;0
AL450992.2;0;0;0;17;9;62;0;0;0;2;0;3;7;0;4;17
ALDH1A1;8;7;0;0;0;0;3;190;13;0;0;0;0;1;0;0
ALG1L13P;8;4;14;1;1;0;0;2;4;1;67;0;2;1;1;0
ALPL;2;7;0;0;0;0;0;0;1;0;694;0;0;0;0;0
ALS2CL;1;0;0;26;1;1;5;3;2;22;0;0;0;0;1;1
AMIGO3;1;0;1;1;2;0;0;0;0;2;0;2;26;0;1;1
ANG;2;1;0;1;0;0;4;10;0;0;0;0;1;2;0;0
ANKRD53;0;1;0;0;0;0;0;0;0;0;0;1;18;0;0;0
ANXA3;3;1;0;0;0;0;0;0;1;0;371;1;0;4;0;0
AOC2;0;0;0;1;0;0;0;0;0;0;18;1;0;0;1;0
AOX2P;0;0;0;0;0;1;0;0;0;1;0;1;15;0;0;0
AOX3P-AOX2P;0;0;0;0;0;0;0;0;0;0;0;0;13;0;0;0
AP001434.2;0;0;0;0;0;0;0;3;0;0;118;0;0;0;0;0
AP002954.4;0;1;0;3;0;0;7;25;10;6;0;4;0;0;3;1
APP;12;37;2;26;3;7;60;90;40;29;4;8;707;4;3;9
AQP9;4;7;2;0;0;0;5;148;45;0;1041;0;0;0;0;0
ARHGEF10L;2;3;0;0;0;0;32;59;31;0;0;0;0;1;0;0
ARL5C;1;2;1;1;1;1;1;2;1;2;2;1;30;0;1;0
ARVCF;1;1;0;1;1;0;1;1;1;1;0;22;0;0;4;0
ASGR2;2;2;0;0;0;0;49;67;5;0;0;0;0;0;0;0
ASIP;0;0;0;0;0;0;0;0;0;0;0;0;20;0;0;0
AZIN2;1;2;36;8;7;11;0;0;0;17;0;5;112;1;5;5
B3GNT5;1;1;7;3;1;3;7;12;4;1;66;1;1;0;2;1
BAIAP3;87;5;2;6;3;4;0;0;0;0;8;4;0;4;5;6
BASP1;6;6;11;0;0;0;14;4;2;0;78;0;1;2;0;0
BCL11A;431;692;3;0;0;0;211;57;78;2;9;5;1666;9;1;0
BCL2A1;32;24;19;16;15;9;70;134;306;12;744;6;2;2;15;16
BEND6;0;1;3;1;1;1;4;0;1;1;1;1;21;0;1;0
BHLHA15;0;0;0;0;0;0;0;0;0;0;0;0;1;12;0;0
BMX;0;0;4;0;0;0;0;0;0;0;19;0;0;0;0;0
BNIP3P41;0;19;0;0;0;0;0;0;0;0;0;0;88;0;0;0
BSPRY;0;1;0;0;1;0;0;0;0;0;1;1;12;0;1;0
BTNL8;0;0;0;0;0;0;0;1;1;0;132;0;0;0;0;0
C10orf105;0;0;0;0;0;0;2;2;13;0;6;0;0;0;0;0
C1orf186;306;233;1104;21;17;17;21;8;7;16;44;28;2955;178;19;11
C1QA;0;1;0;0;0;0;3;3;68;0;0;0;0;0;0;0
C5orf64;0;1;1;1;1;1;1;1;1;1;1;2;35;0;1;0
CA4;0;0;0;0;0;0;0;0;0;0;105;0;0;0;0;0
CA6;1;1;2;3;1;1;1;1;1;25;1;1;1;0;1;2
CACNA1E;1;0;0;0;0;0;0;0;0;0;12;0;0;0;0;0
CACNA2D3;0;1;0;0;0;0;89;24;3;0;0;0;9;0;0;0
CAMP;0;1;3;0;0;0;0;0;0;0;16;0;0;0;0;0
CAV1;1;0;1;0;0;0;0;0;0;0;0;0;0;20;0;0
CCDC149;0;1;0;0;0;0;3;11;3;0;1;0;1;0;0;0
CCDC183;1;2;1;3;3;2;1;2;1;3;0;2;47;1;4;2
CCDC50;65;58;5;11;13;5;50;23;24;6;14;16;606;30;10;9
CCL3L3;14;11;1;1;4;6;50;342;85;0;79;4;0;1;7;4
CCNA1;0;1;127;0;0;0;0;0;0;0;0;0;0;0;0;0
CCNJL;0;0;1;0;0;0;0;0;1;0;33;7;0;0;0;0
CCR3;4;2;3270;2;2;0;0;0;1;0;107;3;19;1;1;0
CCR4;1;1;1;43;5;1;0;1;1;2;1;1;1;0;1;4
CCR7;124;352;1;534;17;21;5;0;1;1482;1;25;29;1;50;156
CCR8;0;0;0;21;2;0;0;0;0;0;0;0;0;0;1;0
CD14;54;67;1;1;0;1;164;1629;135;1;329;1;0;9;0;0
CD177;0;0;1;0;0;0;0;0;0;0;34;0;0;0;0;0
CD1B;0;0;0;0;0;0;15;1;0;0;0;0;0;0;0;0
CD1C;99;133;0;0;0;0;849;27;19;0;0;3;0;1;0;0
CD1E;0;1;0;0;0;0;113;2;3;0;0;0;0;0;0;0
CD200;14;133;5;5;4;8;2;1;1;7;3;2;5;2;3;1
CD207;0;0;0;0;0;0;17;0;0;0;0;0;0;0;0;0
CD248;0;0;0;0;1;1;0;0;0;36;0;0;0;0;1;1
CD36;22;36;1;0;0;0;268;836;92;1;2;3;404;5;0;0
CD72;71;351;4;6;14;16;34;5;4;5;0;28;21;2;15;15
CD80;13;2;0;1;0;0;1;1;1;0;0;0;0;1;0;0
CD8A;2;1;0;19;1474;707;0;0;2;370;0;108;0;0;145;49
CDA;4;5;28;0;0;0;3;83;37;0;250;0;0;0;0;0
CDC42EP1;1;1;1;0;0;0;6;16;2;0;0;1;0;0;0;0
CDH1;2;2;2;2;2;1;6;1;2;3;1;2;33;1;1;1
CDK15;0;0;26;0;0;0;0;0;0;0;0;0;0;0;0;0
CDK2AP1;3;3;3;1;1;1;28;28;75;1;1;1;3;0;0;1
CDKN1C;0;0;0;0;0;0;0;0;24;0;0;0;0;0;0;0
CEACAM3;1;2;4;0;0;0;4;6;65;0;411;0;0;0;0;0
CEACAM4;3;3;0;6;0;0;34;62;20;0;290;0;0;0;0;0
CFAP58-AS1;0;0;0;0;3;5;4;2;1;0;40;1;0;0;0;5
CFH;0;0;0;17;16;46;0;1;0;1;0;1;0;0;12;5
CH17-296N19.1;0;0;0;0;0;0;0;0;0;0;26;0;0;0;0;0
CH17-373J23.1;8;16;8;7;5;27;58;258;40;7;3;5;19;16;11;16
CHI3L1;2;2;1;0;0;0;0;1;1;0;660;1;0;0;0;0
CIB2;0;0;0;0;0;0;0;0;0;0;0;0;20;0;0;0
CKB;2;2;8;0;1;0;4;2;157;0;1;2;0;1;1;2
CLC;2;4;4949;0;0;0;0;0;1;0;4;2;0;0;0;0
CLCN5;1;2;0;1;1;0;10;4;3;1;0;1;32;0;0;1
CLDN10;0;0;0;0;0;0;0;1;1;0;13;0;0;0;0;0
CLEC10A;2;2;0;0;0;0;482;27;18;0;0;1;4;0;0;0
CLEC17A;56;137;10;0;0;0;24;2;2;0;16;0;0;4;0;0
CLEC4C;2;4;8;1;1;1;2;3;1;1;5;1;356;0;1;1
CLEC5A;0;1;0;0;0;0;2;20;1;0;2;0;0;0;0;0
CLEC6A;1;1;0;0;0;0;3;20;1;0;1;0;0;0;0;0
CLEC9A;0;0;0;0;0;0;13;0;0;0;5;0;0;0;0;0
CLIC2;1;2;0;1;1;1;88;5;13;1;1;2;8;0;1;2
CMTM2;0;1;0;0;0;0;0;2;1;0;285;0;0;0;0;0
CNTN4-AS1;0;0;14;0;0;0;0;0;0;0;0;0;0;0;0;0
COCH;256;12;1;1;1;0;0;2;0;1;0;0;1;28;0;0
COL13A1;0;0;0;0;0;0;0;0;0;0;2;10;0;0;0;1
COL19A1;13;68;1;1;1;1;0;1;1;1;1;1;1;1;1;0
COL24A1;0;0;0;0;0;0;0;1;0;0;0;0;18;1;0;0
COL4A3;74;16;0;1;0;1;0;0;0;1;0;1;0;10;0;0
COL4A4;15;3;0;0;0;0;0;0;0;0;0;0;0;5;0;0
COL9A2;2;8;1;1;0;0;14;3;3;2;7;2;0;1;0;0
COLQ;2;1;4;19;6;182;1;3;1;6;1;56;5;1;14;25
CORO6;1;1;158;3;6;4;0;0;1;2;0;5;0;0;10;5
CPA3;1;1;1265;0;0;0;0;0;1;0;0;1;1;0;0;0
CPNE5;280;111;1;1;0;0;1;2;2;0;2;0;1;102;0;0
CPNE7;0;0;0;4;1;19;0;0;0;0;0;0;0;0;1;4
CR2;50;105;1;5;1;3;0;0;1;16;0;1;1;5;10;2
CREB5;8;7;2;0;0;0;89;160;22;0;679;0;5;1;0;0
CROCC2;0;0;0;0;0;0;0;0;18;0;0;0;0;0;0;0
CRYM;1;2;0;0;0;0;0;0;0;0;0;0;91;0;0;0
CRYM-AS1;1;2;1;1;1;0;1;1;1;1;1;1;34;0;1;1
CSF1R;22;30;8;3;3;3;370;410;1414;3;51;6;97;4;3;2
CSF2RBP1;0;0;0;0;0;0;0;0;0;0;39;0;0;0;0;0
CSF3R;29;47;4;1;1;1;301;827;123;1;6071;6;17;7;1;1
CST3;28;58;4;1;6;0;1827;638;814;1;68;18;443;5;5;3
CTA-286B10.7;1;0;3;0;0;0;0;1;1;0;153;0;0;0;0;0
CTB-180A7.6;1;2;3;2;4;4;2;2;0;4;75;3;3;0;1;3
CTB-50L17.14;0;1;2;0;0;1;0;1;0;1;15;0;0;0;0;0
CTB-61M7.2;7;5;2;1;2;1;4;173;79;2;381;2;1;1;0;2
CTC-510F12.4;1;1;42;0;0;0;4;12;6;0;139;0;0;0;0;0
CTC-546K23.1;0;0;10;0;0;0;0;0;0;0;0;0;0;0;0;0
CTD-2003C8.2;2;1;0;2;1;1;3;4;2;1;2;1;27;1;3;1
CTD-2006K23.1;2;4;1;0;0;0;70;34;163;0;20;1;0;0;0;0
CTD-2311M21.5;0;0;22;0;0;0;0;0;0;0;0;0;0;0;0;0
CTD-2509G16.5;57;18;1;2;1;1;1;3;1;2;2;0;2;6;1;1
CTD-2530H12.2;0;0;0;0;0;0;0;1;0;0;50;0;0;0;0;0
CTD-2531D15.4;0;0;26;0;0;0;3;1;1;0;0;0;0;0;0;0
CTD-2545M3.8;0;0;0;0;0;0;9;12;3;0;0;0;0;0;0;0
CTD-2547E10.3;2;3;0;0;1;0;3;0;1;1;0;0;98;0;0;0
CTD-2547E10.6;0;1;0;0;0;0;1;0;0;0;0;0;30;0;0;0
CTD-2583P5.3;1;0;4;1;0;0;5;9;8;0;37;1;3;0;0;0
CTD-3088G3.8;1;1;5;2;4;1;1;1;0;4;58;6;1;1;2;1
CTD-3116E22.8;0;1;0;0;0;0;14;0;0;0;0;0;1;0;0;0
CTLA4;0;0;0;54;7;2;0;0;0;11;0;0;0;0;0;2
CTNNA2;0;0;23;0;0;0;0;0;0;0;0;0;0;0;0;0
CTSL;2;4;1;11;0;0;13;40;304;14;1;3;0;0;0;1
CTSV;1;1;0;0;0;0;3;0;0;1;1;0;22;0;0;0
CUEDC1;0;0;0;0;0;0;4;2;3;0;6;0;60;0;0;0
CUX2;0;0;0;0;0;0;0;0;0;0;0;0;29;0;0;0
CXCL1;0;0;0;0;0;0;0;12;1;0;320;0;0;0;0;0
CXCL16;13;18;5;3;2;4;111;115;456;4;155;4;26;2;2;3
CXCL6;0;0;0;0;0;0;0;0;0;0;14;0;0;0;0;0
CXCL8;68;68;155;1;0;0;977;2583;564;0;8141;5;0;13;1;0
CXCR1;2;2;94;0;11;0;1;2;2;0;1886;56;1;0;28;2
CXCR2;4;3;64;1;24;0;10;27;8;1;3387;101;21;0;55;8
CXCR6;0;1;0;24;29;269;0;0;0;2;0;10;1;0;17;124
CYB561A3;428;769;44;60;70;56;94;105;86;60;18;91;2283;23;71;49
CYP11A1;0;0;34;0;0;0;0;0;0;0;0;0;0;0;0;0
CYP1B1;8;13;0;0;0;0;2;186;16;0;5;0;0;1;0;0
CYP2S1;1;1;2;0;0;0;98;26;4;0;0;1;2;0;0;0
CYP46A1;1;1;2;1;1;1;1;1;1;2;1;2;32;0;1;1
CYP4F22;0;1;1;1;5;10;0;0;27;1;0;2;0;0;3;2
CYP4F3;2;4;8;2;3;2;2;3;2;3;235;2;3;0;3;2
CYP7B1;0;0;25;0;0;0;0;0;0;0;0;0;0;0;0;0
CYYR1;0;0;1;0;0;0;1;0;0;0;1;0;76;0;0;0
DAB2;1;4;7;2;7;1;20;10;6;1;2;44;306;0;12;1
DBNDD1;2;41;0;2;0;0;0;0;0;5;0;0;1;0;0;0
DEPTOR;1;1;1;1;1;1;15;0;1;2;0;1;2;1;1;1
DFNA5;2;2;0;1;1;0;17;5;1;1;0;1;0;0;1;0
DGAT2;9;11;5;0;0;0;7;24;5;0;412;0;1;3;0;0
DKK3;0;0;0;2;2;45;0;0;0;4;0;0;0;0;6;11
DNAJC5B;21;3;0;1;0;0;0;1;0;0;0;0;0;0;0;0
DNASE1L3;1;2;0;0;0;1;30;1;1;1;0;1;283;0;0;0
DOCK4;0;0;0;0;0;0;2;6;4;0;30;0;0;0;0;0
DPP4;1;1;1;112;6;294;6;1;1;74;0;3;46;0;4;94
DPPA4;2;7;2;2;2;1;1;1;1;3;1;3;37;0;2;1
DSC1;0;0;0;1;0;0;0;0;0;20;0;0;0;0;0;0
DSC2;0;1;1;0;0;0;0;12;2;0;52;0;0;0;0;0
DSG3;0;0;19;0;0;0;0;0;0;0;0;0;0;0;0;0
DYRK3;0;0;0;0;0;0;0;0;0;0;1;0;12;0;0;0
DYSF;3;3;0;0;3;0;3;56;6;1;254;7;0;0;4;2
EBI3;20;2;0;0;0;0;1;0;3;0;0;0;0;0;0;0
EDAR;0;0;0;6;0;0;0;0;0;17;0;0;0;0;0;2
EGLN3;1;2;1;6;1;1;3;0;0;3;0;1;61;0;0;0
EGR2;3;2;2;1;3;0;7;26;7;1;12;1;0;0;2;0
ELL3;9;48;2;2;3;0;1;1;0;2;0;0;15;0;2;1
ELOVL4;0;0;0;6;4;24;0;0;0;1;0;0;0;0;1;2
EMP1;0;0;0;1;0;0;27;5;2;0;0;0;3;0;0;0
ENHO;0;0;0;0;0;0;18;0;1;0;0;0;0;0;0;0
ENPP3;1;2;517;1;1;1;1;0;1;2;1;2;0;0;1;0
ENTPD3;1;1;1;1;1;0;0;0;0;0;0;1;11;0;1;1
EPAS1;0;1;278;1;1;2;0;2;0;0;2;1;0;0;2;3
EPHA2;0;0;0;0;0;0;0;0;0;0;0;0;48;0;0;0
EPHX2;8;5;5;73;16;14;2;3;2;163;3;8;2;4;23;22
EPS8;4;2;2;4;1;2;13;8;58;3;2;2;1;1;1;2
ERBB2;5;6;3;4;19;3;2;2;3;4;3;89;2;1;18;5
F2RL1;2;2;1;6;0;0;3;15;2;4;76;0;0;0;1;1
FAM111B;5;27;3;2;2;1;1;1;1;2;1;2;2;2;1;1
FAM157A;1;1;1;1;0;0;0;8;6;1;82;0;0;0;0;0
FAM157B;1;1;1;1;0;1;0;3;2;1;23;1;0;0;1;0
FAM160A1;0;0;13;1;0;1;7;0;1;1;0;0;48;0;0;0
FAM198B;5;4;0;0;0;0;17;103;42;0;0;0;2;0;0;0
FAM213A;4;7;1;5;3;6;4;4;1;14;1;3;92;0;3;8
FAM221B;1;1;3;1;2;2;3;2;2;2;2;2;37;0;1;1
FAM81A;1;11;0;0;0;0;11;1;0;0;0;0;43;0;0;0
FBLN2;1;11;0;0;1;0;23;0;1;9;0;2;2;0;3;0
FBLN7;0;0;0;25;0;2;0;0;0;9;0;0;0;0;0;0
FCAR;10;9;2;2;1;1;5;198;101;2;440;2;1;3;1;1
FCER2;91;393;0;0;0;0;4;4;2;0;1;0;0;12;0;0
FCGR1B;2;2;0;0;0;0;7;47;26;0;121;1;0;0;0;0
FCGR2A;43;43;32;0;4;0;249;730;525;0;2875;19;5;7;9;3
FCGR3A;31;50;1;7;700;5;12;138;5623;7;1788;2192;0;7;1123;219
FCGR3B;7;10;0;1;27;0;1;8;370;1;5453;89;0;1;65;15
FCN1;173;223;2;1;1;0;1308;4958;2186;1;387;8;1;23;1;1
FCRL1;568;1471;7;3;2;2;1;1;5;1;4;1;1;30;3;1
FFAR2;11;12;19;10;7;8;18;44;69;10;1031;10;6;2;8;9
FLT4;0;0;0;3;1;31;0;0;0;2;0;0;0;0;1;6
FOLR2;2;3;0;0;0;0;10;34;10;0;0;0;0;1;0;0
FOXP3;0;0;0;19;0;0;0;0;0;1;0;0;0;0;0;0
FPR1;20;28;76;2;1;1;110;619;198;2;2403;3;2;4;2;1
FPR2;6;9;4;1;0;1;9;132;92;1;842;2;1;1;0;0
FPR3;0;1;1;0;0;0;26;7;4;0;0;0;0;0;0;0
FRAT2;2;1;2;1;1;1;6;5;3;2;67;2;1;1;3;1
FSCN1;2;1;0;1;0;0;12;4;1;0;2;1;0;0;0;0
FXYD6;3;3;0;1;0;1;6;68;4;0;0;1;2;0;1;0
G0S2;15;15;0;0;0;0;79;243;190;0;5826;1;0;4;0;0
GALNT14;1;1;0;0;0;0;0;0;0;0;15;0;0;2;0;0
GATA1;1;2;82;0;0;0;0;0;0;0;0;0;0;0;0;0
GCA;75;105;95;17;9;7;224;446;199;22;2899;10;89;8;9;5
GCSAML;1;1;596;1;0;1;0;0;1;1;1;1;3;0;0;0
GDPD3;2;3;3;6;1;4;2;3;2;6;93;2;1;0;2;2
GLOD5;0;0;66;0;0;0;0;0;0;1;0;0;0;0;0;0
GLT1D1;1;1;0;0;0;0;1;19;3;0;91;0;12;0;0;0
GLYATL1;3;11;0;2;0;0;0;0;0;0;0;0;0;0;0;0
GLYATL1P1;3;12;0;0;0;0;0;0;0;0;0;0;0;0;0;0
GNA14;0;0;28;0;0;0;0;0;0;0;0;0;0;0;0;0
GNA14-AS1;0;0;10;0;0;0;0;0;0;0;0;0;0;0;0;0
GPM6B;7;9;4;9;7;7;3;1;1;10;1;6;144;0;10;7
GPR20;0;0;0;0;0;0;0;0;18;0;0;0;0;0;0;0
GPR27;0;0;0;0;0;0;0;1;0;0;15;0;0;0;0;0
GPRC5C;0;1;3;0;0;0;3;1;2;0;0;0;43;0;0;0
GRIP1;0;1;7;6;3;2;65;0;4;6;1;0;7;0;1;2
GUCY1B3;1;2;2;0;0;0;1;0;34;0;0;4;6;0;0;0
GUCY2D;0;0;0;0;0;0;2;0;0;0;0;0;12;0;0;0
HBEGF;1;1;0;1;0;0;45;19;13;0;7;0;0;0;0;0
HCAR2;1;1;43;0;0;0;11;30;21;0;339;0;0;0;0;0
HCG27;1;2;2;3;1;3;1;2;1;4;34;1;0;1;2;2
HDC;7;10;10697;0;0;0;0;1;1;0;9;7;3;1;0;0
HIST1H2BC;1;5;4;1;1;0;1;2;2;1;149;1;9;4;0;0
HLA-DQA1;479;412;4;6;26;4;1428;130;124;4;3;19;254;19;19;8
HMOX1;29;15;9;1;2;0;38;125;362;0;28;9;0;2;4;0
HPCAL4;0;0;0;17;1;2;0;0;0;7;0;0;0;0;1;2
HPGDS;0;0;63;1;0;0;0;0;0;0;0;0;0;0;0;0
HRASLS2;2;0;0;0;1;0;0;0;0;0;0;1;1;31;0;1
HRH4;0;1;136;1;0;0;0;0;0;0;1;0;0;0;0;0
HSPA6;6;4;1;0;4;0;21;39;36;0;268;7;0;1;3;1
IDO1;0;0;13;0;0;0;78;3;2;0;5;1;0;0;0;0
IFNL3P1;0;0;0;4;1;3;0;0;0;14;0;1;1;0;0;3
IGF1;0;1;0;0;0;0;0;0;0;0;0;0;0;12;0;0
IGHA1;6120;278;17;4;2;2;2;1;4;1;29;6;24;40253;1;1
IGHA2;937;44;4;1;0;0;0;0;1;0;1;1;2;9231;0;0
IGHD;33;2047;0;0;2;0;0;0;1;0;1;1;23;2;1;0
IGHG1;2395;316;4;2;1;1;1;2;1;0;8;4;6;20359;0;0
IGHG2;1530;219;3;1;1;1;1;2;2;0;1;2;5;20258;0;0
IGHG3;539;140;1;0;0;0;0;0;0;0;0;1;1;2825;0;0
IGHG4;243;20;0;0;0;0;0;0;0;0;0;0;0;2617;0;0
IGHJ1;217;236;0;1;0;0;0;0;0;0;0;0;145;1892;0;0
IGHJ2;394;366;0;0;0;0;0;0;0;0;0;0;89;4758;0;0
IGHJ2P;38;48;0;5;0;0;0;0;0;0;0;0;668;22;4;0
IGHV1-12;38;15;0;1;0;0;0;0;0;0;0;0;0;300;0;0
IGHV1-3;304;472;3;6;7;1;0;0;1;8;0;4;66;3983;5;0
IGHV1-46;149;274;0;0;0;1;0;0;0;0;0;2;1;1779;0;0
IGHV1OR15-2;5;1;0;0;0;0;0;0;0;0;0;0;0;40;0;0
IGHV1OR15-9;11;7;0;0;0;0;0;0;0;0;0;0;0;107;0;0
IGHV2OR16-5;1;0;0;0;0;0;0;0;0;0;0;0;0;11;0;0
IGHV3-11;273;352;1;0;0;0;0;0;0;0;0;0;0;2421;0;0
IGHV3-19;47;13;0;0;1;0;0;0;0;0;0;0;0;608;0;0
IGHV3-21;556;1083;2;0;0;0;1;0;1;0;0;1;3;5523;0;0
IGHV3-22;8;11;0;0;0;0;0;0;0;0;0;0;0;75;0;0
IGHV3-25;1;1;0;0;0;0;0;0;0;0;0;0;0;27;0;0
IGHV3-30;1009;1295;0;3;1;3;1;1;0;0;4;4;4;9070;0;1
IGHV3-38;9;3;0;0;0;0;0;0;0;0;0;0;0;97;0;0
IGHV3-41;18;7;0;1;0;0;0;0;0;0;0;0;0;156;0;0
IGHV3-47;9;3;0;1;0;0;0;0;0;0;0;0;0;100;0;0
IGHV3-48;340;542;1;0;0;0;0;0;1;0;1;0;1;4377;0;0
IGHV3-49;166;214;0;0;0;0;0;0;0;0;0;0;0;2042;0;0
IGHV3-52;5;2;0;0;0;0;0;0;0;0;0;0;0;47;0;0
IGHV3-53;95;135;0;0;0;0;0;0;0;0;0;0;1;1008;0;0
IGHV3-54;2;1;0;0;0;0;0;0;0;0;0;0;0;33;0;0
IGHV3-6;19;4;0;0;0;0;0;0;0;0;0;0;0;164;0;0
IGHV3-60;7;3;0;0;0;0;0;0;0;0;0;0;0;87;0;0
IGHV3-62;29;11;0;0;0;0;0;0;0;0;0;1;0;429;0;0
IGHV3-63;40;15;0;0;0;0;0;0;0;0;0;0;0;465;0;0
IGHV3-64;19;76;0;0;0;0;0;0;0;0;0;0;0;309;0;0
IGHV3-65;3;2;0;0;0;0;0;0;0;0;0;0;0;22;0;0
IGHV3-69-1;84;136;0;0;0;0;0;0;0;0;0;0;2;1049;0;0
IGHV3-7;577;654;1;0;1;0;0;0;0;0;0;0;1;8151;0;1
IGHV3-71;22;18;0;0;0;0;0;0;0;0;0;0;0;231;0;0
IGHV3-72;139;94;1;0;0;0;0;0;0;0;0;0;0;2270;0;0
IGHV3-73;57;98;0;0;0;0;0;0;0;0;0;0;0;742;0;0
IGHV3-74;174;200;4;1;1;0;0;0;0;1;0;0;2;3411;0;0
IGHV3-75;6;1;0;0;0;0;0;0;0;0;0;0;0;102;0;0
IGHV3-76;1;0;0;0;0;0;0;0;0;0;0;0;0;16;0;0
IGHV3-79;2;0;0;0;0;0;0;0;0;0;0;0;0;27;0;0
IGHV3OR16-15;4;1;0;0;0;0;0;0;0;0;0;0;0;37;0;0
IGHV3OR16-16;0;0;0;0;0;0;0;0;0;0;0;0;0;12;0;0
IGHV3OR16-6;1;0;0;0;0;0;0;0;0;0;0;0;0;13;0;0
IGHV3OR16-7;2;1;0;0;0;0;0;0;0;0;0;0;0;28;0;0
IGHV3OR16-8;37;9;0;0;0;0;0;0;0;0;0;0;0;298;0;0
IGHV3OR16-9;65;46;0;0;1;0;0;0;0;0;0;0;0;1023;0;0
IGHV4-28;51;34;0;1;0;0;0;0;0;0;0;0;0;746;0;0
IGHV4-55;40;38;0;0;0;0;0;0;0;0;0;0;0;757;0;0
IGHV4-59;282;531;4;1;0;0;0;0;0;0;0;0;9;3688;0;0
IGHV4-80;8;2;0;0;0;0;0;0;0;0;0;0;0;47;0;0
IGHV7-34-1;8;3;0;0;0;0;0;0;0;0;0;0;0;90;0;0
IGHV7-56;2;0;0;0;0;0;0;0;0;0;0;0;0;13;0;0
IGHV7-81;13;13;0;0;0;0;0;0;0;0;0;0;0;122;0;0
IGHVIII-11-1;16;0;0;0;0;0;0;0;0;0;0;0;0;0;0;0
IGKV1-12;116;99;1;0;0;0;0;0;0;0;0;0;0;938;0;0
IGKV1-17;64;52;0;0;0;0;0;0;0;0;0;0;0;518;0;0
IGKV1-27;83;74;0;0;0;0;0;0;0;0;0;0;0;744;0;0
IGKV1-33;269;279;0;0;0;0;0;0;0;0;0;0;0;784;0;0
IGKV1-39;391;271;2;0;0;0;0;0;0;0;0;0;0;2575;0;0
IGKV1-6;68;20;0;0;0;0;0;0;0;0;1;0;0;606;0;0
IGKV1-9;114;82;0;0;0;0;0;0;0;0;0;0;0;1108;0;0
IGKV1D-16;15;12;0;0;0;0;0;0;0;0;0;0;0;105;0;0
IGKV1D-17;10;8;0;0;0;0;0;0;0;0;0;0;0;70;0;0
IGKV1OR22-1;3;1;0;0;0;0;0;0;0;0;0;0;0;13;0;0
IGKV2-24;57;37;0;0;0;0;0;0;0;0;0;0;0;351;0;0
IGKV2-29;89;104;0;0;0;0;0;0;0;0;0;0;0;492;0;0
IGKV2-30;322;184;0;0;0;0;0;0;0;0;0;0;3;2836;0;0
IGKV2-4;2;0;0;0;0;0;0;0;0;0;0;0;0;14;0;0
IGKV2-40;16;3;0;0;0;0;0;0;0;0;0;0;0;91;0;0
IGKV2D-28;490;439;1;0;0;0;1;0;0;0;1;0;0;4927;0;0
IGKV2D-30;55;50;0;0;0;0;0;0;0;0;0;0;0;652;0;0
IGKV2OR22-4;2;1;0;0;0;0;0;0;0;0;0;0;0;47;0;0
IGKV3D-20;24;13;0;0;0;0;0;0;0;0;0;0;0;157;0;0
IGKV4-1;410;324;1;0;0;0;0;0;0;0;0;0;8;3514;0;0
IGKV6-21;13;12;0;0;0;0;0;0;0;0;0;0;0;88;0;0
IGLC1;1319;451;3;1;1;1;1;0;2;0;7;2;5;9541;0;1
IGLJ2;108;69;0;0;0;0;0;0;0;0;0;0;0;806;0;0
IGLV10-54;32;24;0;0;0;0;0;0;0;0;0;0;0;308;0;0
IGLV2-11;223;126;0;1;11;2;0;0;0;0;1;12;0;1686;14;2
IGLV2-28;6;0;0;0;0;0;0;0;0;0;0;0;0;24;0;0
IGLV2-33;4;1;0;0;0;0;0;0;0;0;0;0;0;26;0;0
IGLV2-8;131;83;1;0;1;1;0;0;0;0;0;1;0;1356;0;1
IGLV3-1;142;100;0;0;0;0;0;0;0;0;0;0;0;560;0;0
IGLV3-10;62;62;0;0;0;0;0;0;0;0;0;0;0;1102;0;0
IGLV3-17;0;0;2;1;3;0;0;0;0;0;0;3;0;1;1;11
IGLV3-19;304;252;4;0;0;0;1;0;0;0;0;0;0;2559;0;2
IGLV4-69;94;108;0;0;0;0;0;0;0;0;0;0;0;847;0;0
IGLV7-46;127;62;0;0;0;0;0;0;0;0;0;0;1;1020;0;0
IGLV8-61;94;82;0;0;0;0;0;0;0;0;0;0;0;999;0;0
IL12RB2;0;0;0;13;4;33;0;0;1;2;0;38;0;0;5;89
IL13;0;0;12;0;0;0;0;0;0;0;0;0;0;0;0;0
IL17RE;0;0;2;4;1;14;0;1;0;0;1;0;0;0;1;1
IL1R1;0;0;1;2;0;1;2;1;0;0;20;0;0;0;0;0
IL1R2;0;0;1;1;0;0;74;6;2;0;512;0;1;0;0;0
IL1RL1;0;0;275;0;0;1;0;0;0;0;0;0;0;0;0;0
IL23R;0;0;0;5;1;61;0;0;0;0;0;1;0;0;1;7
IL2RB;13;12;2;77;231;128;3;0;10;32;2;852;1;7;294;198
IL4;0;0;205;0;1;0;0;0;0;0;0;0;0;0;1;0
ILDR1;14;1;0;0;0;0;0;0;0;0;0;0;0;4;0;0
IRF4;34;44;0;7;15;1;46;6;6;5;1;8;211;99;18;2
IRF7;104;96;120;62;57;55;124;140;147;49;217;75;2762;77;55;52
IRF8;449;573;2;2;2;7;406;216;179;6;2;61;6182;7;14;5
ITLN1;0;0;1;0;0;0;0;1;16;0;0;0;0;0;0;0
ITM2C;75;64;43;36;8;23;75;4;2;37;0;7;2316;688;11;26
KCNA5;0;0;0;0;0;0;0;0;0;0;0;0;54;0;0;0
KCNG1;0;13;0;0;0;0;0;0;0;0;0;0;0;0;0;0
KCNJ15;2;2;0;1;0;0;1;22;2;0;778;0;0;0;0;0
KCNJ2;0;1;3;0;0;0;1;7;6;0;52;0;0;0;0;0
KCNK10;0;0;0;0;0;0;0;0;0;0;0;0;26;0;0;0
KCNN4;177;50;0;23;4;2;31;15;19;14;0;1;0;22;3;6
KHDRBS2;7;20;0;0;0;0;0;0;1;0;0;0;7;0;0;0
KIF5C;2;1;0;7;2;21;0;0;1;1;0;0;0;0;1;2
KIR2DL1;0;1;0;0;8;0;0;0;1;0;1;86;0;0;20;6
KIR2DL4;0;0;0;0;4;0;0;1;4;0;1;47;0;0;7;1
KIR2DP1;0;0;0;0;1;0;0;0;0;0;0;24;0;0;5;2
KIRREL3;1;1;8;1;1;1;5;1;1;1;5;4;89;0;1;1
KLHL13;0;0;3;0;0;0;1;0;0;1;0;0;15;0;0;0
KLHL33;1;2;1;1;1;1;1;1;1;1;1;1;27;0;1;1
KLRB1;2;2;0;111;61;628;0;0;1;2;0;163;1;0;120;263
KLRC1;5;6;5;5;66;44;3;3;6;5;7;318;2;1;59;581
KRT23;0;1;1;0;0;1;0;3;0;0;158;0;0;0;0;0
KRT5;0;0;0;0;0;0;0;0;0;0;0;0;117;0;0;0
KRT73-AS1;0;0;0;3;1;0;0;0;0;14;0;1;0;0;1;1
KRT81;0;0;29;0;0;0;0;0;0;0;0;1;0;0;0;0
KRT8P5;0;0;0;0;0;0;0;0;0;0;0;0;13;0;0;0
KY;0;0;9;0;0;0;0;0;0;0;47;0;0;0;0;0
LAMB2;0;1;1;0;0;0;18;12;4;0;0;0;5;0;0;0
LAMP5;4;1;0;0;0;0;6;1;0;0;0;1;277;8;0;0
LARGE1;9;36;1;1;1;0;1;0;0;1;0;2;0;2;1;0
LDB2;0;0;0;0;0;0;0;0;0;0;0;19;0;0;2;0
LEF1;1;4;0;493;83;4;0;0;0;1040;0;19;0;6;137;110
LEF1-AS1;1;0;1;7;0;0;0;0;0;36;0;0;0;0;2;3
LGALS12;1;1;6;0;0;0;5;21;1;0;3;0;0;0;0;0
LGALS2;3;5;0;0;0;0;152;88;18;0;0;1;1;0;0;0
LGALS9B;1;1;2;1;3;0;1;1;2;0;2;79;1;0;7;1
LGALS9C;0;1;4;1;1;0;0;1;3;0;21;92;0;0;3;1
LGALSL;1;1;0;0;0;0;0;0;0;0;15;0;0;1;0;0
LGMN;66;29;19;16;6;8;110;8;11;36;13;15;528;23;9;8
LILRA1;12;20;11;0;0;0;178;360;854;0;208;2;39;2;0;0
LILRA4;12;20;0;0;0;0;12;2;3;0;2;4;3603;0;0;0
LILRB2;33;35;151;0;2;0;190;561;1361;0;512;4;77;4;2;0
LILRB4;5;7;2;1;0;0;114;111;123;1;11;1;590;29;1;0
LINC00211;1;1;4;1;1;2;1;4;0;0;26;1;0;0;0;0
LINC00298;0;0;2;0;1;2;1;0;1;0;0;13;0;0;1;2
LINC00475;0;0;0;0;0;0;0;0;0;0;0;0;44;0;0;0
LINC00694;1;1;10;0;0;1;2;4;0;1;27;0;1;0;0;0
LINC00865;0;1;0;0;0;0;1;0;0;0;0;0;32;0;0;0
LINC00892;0;0;0;26;3;5;0;0;0;1;0;1;0;0;2;4
LINC00929;0;0;29;0;0;0;0;0;0;0;0;0;0;0;0;0
LINC00968;0;1;0;0;0;0;2;11;6;0;1;0;0;0;0;0
LINC00996;12;9;2;3;2;2;1;1;2;2;3;7;244;1;3;10
LINC01013;2;19;0;0;0;0;0;0;0;1;0;0;0;0;0;0
LINC01032;1;0;8;0;0;0;2;8;1;1;52;3;0;0;0;0
LINC01127;0;0;0;0;0;0;1;4;0;0;13;0;0;0;0;0
LINC01225;0;0;0;0;0;0;0;0;0;0;0;0;94;0;0;0
LINC01229;0;0;26;0;0;0;0;0;0;0;0;0;0;0;0;0
LINC01270;0;0;3;0;0;0;0;1;2;0;15;1;1;0;0;0
LINC01374;0;4;0;0;0;0;1;0;0;0;0;0;48;0;0;0
LINC01375;0;1;0;0;0;0;0;0;0;0;0;0;11;0;0;0
LINC01478;0;0;0;0;0;0;0;0;0;0;0;0;41;0;0;0
LINC01506;0;0;1;0;0;0;1;6;9;0;104;0;0;0;0;0
LINC01644;0;0;0;4;0;35;0;0;0;0;0;0;0;0;0;0
LINC01724;0;0;0;0;0;0;0;0;0;0;0;0;45;0;0;0
LINC01781;67;10;0;0;0;0;0;0;0;0;0;0;0;17;0;0
LINC01986;0;0;15;0;0;0;0;0;0;0;0;0;0;0;0;0
LINC02085;0;0;0;0;0;0;1;2;19;0;1;0;0;0;0;0
LINC02185;0;0;0;0;0;0;1;1;12;0;0;0;0;0;0;0
LINC02218;0;0;0;0;0;0;0;0;0;0;29;0;0;0;0;0
LINGO2;0;0;0;0;0;0;0;0;0;0;0;11;0;0;2;0
LIX1;1;14;1;0;0;0;0;0;0;0;0;1;0;0;0;0
LIX1-AS1;2;17;0;0;0;0;0;0;0;0;0;0;0;0;0;0
LLNLF-173C4.1;2;2;0;2;0;1;0;12;9;3;94;1;0;0;3;2
LLNLF-173C4.2;1;2;0;1;2;1;1;4;2;3;110;0;1;0;1;1
LOXL3;4;2;0;0;1;0;13;21;46;0;4;0;0;1;1;0
LPAR1;0;2;0;0;0;0;3;17;4;0;2;1;1;0;0;0
LRG1;2;3;2;1;1;1;8;15;3;1;467;1;0;0;1;1
LRP1;4;5;3;1;1;2;40;78;52;2;1;1;2;1;1;2
LRRC36;1;2;2;1;1;2;2;2;1;2;1;2;48;0;2;1
LRRC4;0;0;1;0;0;0;1;1;1;0;18;0;0;0;0;0
LRRK2;11;21;0;0;0;0;18;67;45;0;235;1;5;1;0;0
LRRN3;1;1;1;17;2;1;0;0;1;210;0;1;1;0;3;10
LTK;4;1;0;6;1;71;1;0;0;0;0;0;25;10;1;2
LUCAT1;0;1;1;1;1;0;1;16;3;0;273;1;0;0;1;1
LY96;7;5;3;7;1;0;18;21;27;2;142;0;15;4;1;0
LYPD2;0;0;0;0;0;0;0;0;21;0;0;0;0;0;0;0
LYZ;577;570;402;7;1;1;10633;19891;2256;4;1206;59;123;85;1;2
MANSC1;1;2;4;2;1;1;2;2;2;3;113;2;1;0;2;1
MAP1A;0;0;0;1;0;1;0;0;0;0;0;0;65;0;0;0
MAP1LC3A;5;2;2;2;4;2;1;1;1;0;47;2;2;1;3;3
MARCO;2;2;0;0;0;0;9;31;22;0;0;0;1;0;0;0
MARVELD1;1;0;0;0;0;0;15;9;3;0;0;1;1;0;0;0
MDS2;22;22;1;45;1;3;1;0;1;108;1;1;1;2;1;4
ME1;0;0;0;1;0;41;0;3;1;0;0;0;0;0;0;6
MEG3;0;0;1;0;0;0;0;0;13;0;0;0;0;0;0;0
MEIKIN;0;1;0;1;1;0;3;1;12;1;0;0;0;0;0;0
MERTK;0;1;0;0;0;0;0;7;35;1;0;0;1;0;0;0
MGAM;0;0;7;0;0;0;0;3;0;0;180;3;0;0;0;0
MGAT3-AS1;26;6;228;0;0;0;0;0;0;0;0;0;0;4;0;0
MIR181A2HG;0;1;0;0;1;0;0;0;0;0;0;10;1;0;0;0
MIR2276;0;0;0;0;0;0;0;0;0;0;0;0;27;0;0;0
MIR4432HG;2;6;0;0;0;0;0;0;0;0;0;0;47;0;0;0
MIR4537;37;325;0;6;1;0;0;0;0;0;0;0;111;35;8;0
MIR4538;14;81;0;1;0;0;0;0;0;0;0;0;19;10;0;0
MIR4539;154;667;0;19;3;0;0;0;0;0;0;0;101;46;0;0
MIR606;0;0;0;0;0;0;3;26;14;0;0;0;0;0;0;0
MIR650;125;14;0;0;0;0;0;0;0;0;0;0;0;872;0;0
MIR6774;42;57;0;0;0;0;27;13;23;0;0;0;278;0;0;0
MIR8071-1;169;22;0;0;0;0;0;0;0;0;0;0;0;13;0;0
MIR8071-2;169;22;0;0;0;0;0;0;0;0;0;0;0;13;0;0
MLC1;1;1;0;1;15;1;1;2;21;1;0;101;0;0;27;5
MME;2;6;5;1;2;1;1;2;1;2;672;2;16;0;11;1
MMP28;0;0;0;1;0;0;0;0;0;12;0;0;0;0;0;1
MMP9;0;1;0;0;0;0;1;1;0;0;149;0;0;0;0;0
MMRN1;0;2;0;1;0;0;0;0;0;0;0;2;20;0;0;0
MNDA;51;53;262;0;1;1;501;1027;293;0;3582;4;6;8;0;0
MPP3;0;0;0;0;0;0;11;1;0;0;0;0;0;0;0;0
MRAS;0;0;0;0;0;0;5;5;31;0;0;0;0;0;0;0
MRC1;0;0;0;0;0;0;21;0;1;0;0;0;1;0;0;0
MRVI1-AS1;5;10;2;0;0;0;0;1;3;0;25;0;0;0;0;0
MS4A14;5;4;0;0;0;0;11;24;57;0;0;0;0;1;0;0
MS4A2;2;1;1597;1;0;1;0;0;1;1;3;1;1;0;1;0
MS4A3;3;4;4492;0;0;0;0;1;1;0;3;4;2;1;0;0
MS4A4A;1;2;11;0;0;0;26;19;126;0;0;1;42;0;0;0
MS4A7;39;45;2;1;1;1;98;300;1350;1;2;7;4;4;1;1
MSRB1;23;22;122;11;16;12;78;214;74;9;1006;15;38;9;15;14
MTCO3P23;2;6;4;0;0;0;4;77;20;0;229;4;1;0;0;0
MTND3P12;1;3;1;0;0;0;4;46;13;0;155;0;0;0;0;0
MTND3P9;0;0;0;0;0;0;0;0;0;0;35;0;0;0;0;0
MTND4LP12;0;0;0;0;0;0;0;0;0;0;36;0;0;0;0;0
MTND4P22;0;0;0;0;0;0;0;0;0;0;12;0;0;0;0;0
MTND5P32;1;1;0;0;0;0;1;21;6;0;87;0;0;0;0;0
MXRA8;0;0;0;1;0;0;0;0;0;21;0;0;0;0;0;2
MYBL2;8;9;0;1;0;0;0;0;0;0;0;0;70;17;0;0
MYO1E;37;75;0;1;1;0;61;20;12;0;0;15;238;6;3;1
MYOM2;24;30;1;28;640;3;3;2;32;14;2;3175;6;6;823;240
NAMPT;95;127;2306;66;50;68;740;1640;2145;38;11164;54;94;36;50;53
NAMPTP1;4;6;112;3;3;2;25;60;78;2;605;2;8;2;2;2
NAPSB;365;235;1;0;0;0;635;100;143;0;1;5;1272;3;0;0
NCAM1;0;1;0;1;23;11;1;0;2;0;0;150;2;0;32;5
NCR1;1;2;0;0;36;0;0;1;2;0;3;155;0;0;72;3
NDRG2;9;13;7;39;24;26;461;15;11;44;7;18;23;2;14;30
NECAB2;0;0;0;0;0;0;0;1;0;0;40;0;0;0;0;0
NELL2;0;1;0;105;31;60;0;0;0;374;0;2;0;0;39;46
NEURL1;2;2;1;2;1;1;3;5;88;2;2;1;3;0;1;1
NFE4;1;1;1;1;0;0;1;0;0;1;40;1;1;0;1;0
NLRP6;1;0;0;3;1;2;0;0;3;4;38;0;0;0;0;1
NLRP7;0;0;0;0;1;0;0;0;0;0;0;8;46;5;2;0
NMUR1;1;1;1;1;27;8;0;0;1;1;1;82;0;0;32;12
NOG;0;0;0;3;0;0;0;0;0;14;1;0;0;0;0;1
NOTCH4;5;4;2;1;1;1;3;9;28;1;4;2;75;0;1;1
NOV;0;0;3;0;0;0;1;1;1;0;37;0;0;0;0;0
NRCAM;2;0;0;1;0;0;0;0;0;14;0;0;0;0;0;1
NRG1;3;5;2;1;0;1;8;86;3;0;1;0;0;1;1;0
NRP1;1;1;1;1;1;1;4;8;2;1;1;1;326;0;1;1
NSUN7;0;2;0;0;0;0;1;1;1;1;13;0;0;0;0;0
OLFML2B;0;0;0;0;0;0;2;3;13;0;0;0;0;0;0;0
OR14L1P;0;0;26;0;0;0;0;0;0;0;0;0;0;0;0;0
OR2A4;0;0;22;0;0;0;0;0;0;0;0;0;0;0;0;0
OR2AQ1P;0;0;47;0;0;0;0;0;0;0;0;0;0;0;0;0
OR2I1P;0;0;40;0;0;0;0;0;0;0;0;0;0;0;0;0
OR6K3;0;0;27;0;0;0;0;0;0;0;0;0;0;0;0;0
OR6K4P;0;0;27;0;0;0;0;0;0;0;0;0;0;0;0;0
OR6K5P;0;0;14;0;0;0;0;0;0;0;0;0;0;0;0;0
OR6N1;0;0;13;0;0;0;0;0;0;0;0;0;0;0;0;0
OR6N2;0;0;24;0;0;0;0;0;0;0;0;0;0;0;0;0
OR7M1P;1;0;0;2;0;17;0;0;0;0;0;0;0;0;0;0
ORM1;1;2;0;1;2;1;2;2;1;3;59;5;1;0;3;2
OSGIN1;1;1;0;0;0;0;2;5;19;0;5;1;0;0;0;1
OXCT2;1;0;0;0;0;0;1;0;0;0;0;0;0;10;0;0
P2RY14;8;42;50;2;0;43;34;1;2;0;18;2;241;0;0;2
P2RY2;0;0;3;0;0;0;9;13;18;0;0;0;1;0;0;0
P2RY6;0;1;0;0;0;0;40;3;3;0;0;1;112;0;0;0
P3H2;1;1;2;1;0;1;10;2;1;1;2;2;146;0;1;0
PACSIN1;0;0;0;1;1;1;0;0;0;0;0;3;111;0;0;5
PADI2;1;2;10;0;0;0;32;41;4;0;177;1;0;0;0;0
PALD1;0;1;0;0;0;0;3;0;0;0;0;1;32;0;0;0
PAPSS2;1;3;1;2;2;1;14;9;70;2;3;2;1;0;2;1
PCDH9;4;41;1;0;0;0;0;0;0;0;0;0;3;0;0;0
PCDHGC3;3;1;1;1;2;1;1;1;1;0;0;2;42;0;0;1
PFKFB2;14;19;6;3;2;1;5;8;15;7;13;6;211;2;1;1
PGBD4P1;0;0;0;2;3;0;0;0;0;0;0;8;0;0;17;0
PGLYRP1;0;1;0;0;0;0;0;0;0;0;95;1;0;0;0;0
PHEX;0;0;0;1;0;0;0;0;0;0;0;0;38;0;0;0
PHOSPHO1;6;7;1;1;4;4;7;5;37;2;233;11;1;1;5;3
PI16;1;2;0;32;5;1;0;0;0;3;0;3;0;0;4;0
PI3;0;0;0;0;0;0;0;0;0;0;103;0;0;0;0;0
PID1;3;3;0;0;0;0;93;52;20;0;0;0;0;0;1;0
PKIB;4;5;3;2;2;0;40;3;5;4;0;1;2;1;2;0
PLA2G7;4;4;1;0;0;1;14;50;4;0;0;1;1;1;0;0
PLBD1;34;41;1;1;1;1;427;1040;180;1;455;3;3;9;1;1
PLD4;114;174;0;0;0;0;398;18;166;0;1;5;3671;1;0;0
PLEKHA7;1;1;0;4;0;32;3;0;0;1;0;0;4;7;0;2
PLEKHG1;37;78;0;2;5;2;0;0;0;0;0;0;0;1;5;1
PLEKHG7;20;2;0;0;0;0;0;0;0;0;0;0;0;1;0;0
PLS3;1;0;0;1;0;0;0;1;0;0;1;1;20;0;1;0
PLVAP;0;1;0;0;0;0;1;0;2;0;0;0;76;0;0;0
PLXNA4;0;0;0;1;0;0;0;0;0;1;0;5;51;0;1;0
PMEPA1;5;7;0;1;0;0;0;0;0;3;0;0;16;2;0;0
PPL;2;3;2;1;1;1;1;1;2;3;53;3;1;0;2;0
PPM1J;4;5;0;0;0;0;10;1;2;0;0;1;251;0;0;0
PPP1R14B;1;1;0;0;0;1;1;1;1;1;1;0;29;0;0;0
PPP1R17;0;0;0;0;0;0;0;0;33;0;0;0;0;0;0;0
PRAMENP;16;4;0;0;0;0;0;0;0;0;0;0;0;2;0;0
PROC;0;0;0;0;0;0;0;0;0;0;2;0;52;0;0;0
PROK2;1;1;9;1;25;0;1;20;1;0;602;3;0;0;3;3
PRSS23;2;3;2;3;171;2;1;1;4;3;2;266;1;1;136;27
PRSS35;0;0;0;0;0;13;0;0;0;0;0;0;0;0;0;1
PTCRA;1;1;0;0;0;0;0;0;0;0;0;0;87;0;0;0
PTGDS;3;3;0;11;37;6;0;0;3;1;2;100;1011;0;36;32
PTGS2;3;11;25;0;0;0;123;146;99;0;944;1;1;1;0;0
PTK7;2;3;3;3;3;2;3;2;1;24;2;4;68;0;2;2
PTPRS;1;1;1;0;0;0;1;1;0;1;1;1;101;0;0;0
QPCT;7;9;2;0;0;0;49;166;8;0;588;0;0;4;0;0
RASD1;0;0;1;0;1;0;1;1;1;0;0;1;54;1;1;1
RCAN2;0;0;0;1;18;0;0;0;0;0;0;1;0;0;9;1
RHOXF1P1;0;0;281;0;0;0;0;0;0;0;0;0;0;0;0;0
RHOXF1P2;0;0;26;0;0;0;0;0;0;0;0;0;0;0;0;0
RN7SL343P;0;0;0;0;0;0;0;0;0;0;16;0;0;0;0;0
RN7SL462P;0;0;0;0;0;0;0;0;0;0;16;0;0;0;0;0
RN7SL494P;0;1;150;2;0;0;1;0;0;0;0;2;0;0;1;0
RN7SL640P;0;0;0;0;0;0;0;0;0;0;16;0;0;0;0;0
RN7SL668P;0;0;2;1;1;1;0;1;1;0;17;0;1;0;0;0
RN7SL854P;0;0;0;1;0;0;0;0;0;1;0;0;14;0;0;0
RNA5SP151;0;0;10;2;0;0;9;9;10;0;230;0;0;0;0;0
RNA5SP373;0;0;0;0;0;0;0;0;0;0;0;0;20;0;0;0
RNA5SP452;0;0;31;1;0;0;1;0;0;0;0;0;0;0;0;0
RNASE4;9;2;1;2;1;1;17;51;2;0;0;0;7;5;0;1
RNF157-AS1;0;0;0;6;0;1;0;0;0;26;0;2;0;0;2;2
RNU2-2P;12;30;0;4;4;16;58;214;49;2;5;2;22;10;4;10
RNU2-6P;1;17;0;0;0;0;12;0;1;0;598;0;18;0;0;0
RNU4-90P;0;0;0;0;0;0;0;0;0;0;26;0;0;0;0;0
RNU5E-1;0;1;2;0;1;0;11;29;10;0;3;0;1;1;7;0
RNU6-1076P;1;0;1;0;0;0;0;6;5;0;28;0;0;0;1;0
RNU6-1100P;1;0;1;0;0;0;0;6;5;0;28;0;0;0;1;0
RNU6-1118P;1;0;1;0;0;0;0;6;5;0;28;0;0;0;1;0
RNU6-1128P;0;0;8;1;0;0;0;7;1;0;124;0;0;0;0;0
RNU6-1138P;0;0;17;0;0;0;0;0;0;0;0;0;0;0;0;0
RNU6-1174P;0;0;0;0;0;0;0;0;0;0;49;0;0;0;0;0
RNU6-1217P;1;0;1;0;0;0;0;6;5;0;28;0;0;0;1;0
RNU6-123P;0;8;0;3;0;0;2;4;5;7;0;0;86;1;0;0
RNU6-29P;0;0;56;0;0;0;0;0;1;0;0;0;0;0;0;0
RNU6-355P;1;0;1;0;0;0;0;6;5;0;28;0;0;0;1;0
RNU6-447P;1;0;1;0;0;0;0;6;5;0;28;0;0;0;1;0
RNU6-785P;1;0;1;0;0;0;0;6;5;0;28;0;0;0;1;0
RNU6-791P;1;0;1;0;0;0;0;6;5;0;28;0;0;0;1;0
RNU6-831P;0;0;45;0;0;0;0;0;0;0;0;0;0;0;0;0
RNU6-860P;1;0;1;0;0;0;0;6;5;0;28;0;0;0;1;0
RNU6-951P;2;4;0;0;0;2;0;90;15;4;4;2;0;0;0;0
RNVU1-15;2;4;0;2;1;9;14;51;11;0;0;1;7;4;0;4
ROR2;0;0;0;1;0;17;0;0;0;0;0;0;0;0;0;0
RORC;0;0;0;35;2;153;0;0;0;1;0;1;0;0;2;8
RP11-1008C21.1;0;0;0;0;0;0;0;0;19;0;1;0;0;0;0;0
RP11-100G15.10;0;0;0;0;0;0;0;0;0;0;0;0;86;0;0;0
RP11-103H7.1;0;0;10;0;0;0;0;0;0;0;0;0;0;0;0;0
RP11-109G23.1;0;0;13;0;0;0;0;1;0;0;1;0;0;0;0;0
RP11-10J21.4;0;0;1;1;0;0;0;0;0;0;10;0;0;0;1;0
RP11-1166P10.8;22;12;0;0;0;0;0;0;0;0;0;0;0;265;0;0
RP11-117D22.2;10;8;0;2;1;1;10;4;3;1;0;1;107;0;1;3
RP11-1228E12.1;1;1;1;1;1;1;1;7;5;1;37;1;1;0;1;1
RP11-138I18.2;27;6;4;1;1;1;1;2;2;3;2;0;1;4;2;1
RP11-13A1.1;0;0;202;0;0;0;0;0;0;0;1;0;0;0;0;0
RP11-13A1.2;0;0;365;0;0;0;0;0;0;0;0;0;0;0;0;0
RP11-13A1.3;0;0;486;0;0;0;0;0;0;0;1;0;0;0;0;0
RP11-144A16.8;1;2;6;2;3;2;1;2;1;3;112;3;2;0;2;2
RP11-162P23.2;0;2;0;0;0;0;27;41;9;0;0;0;21;0;0;0
RP11-164P12.5;0;0;4;0;0;0;1;0;0;1;0;0;20;0;0;0
RP11-178F10.2;0;0;102;1;0;0;0;0;0;0;0;0;0;0;0;0
RP11-191A15.1;0;0;0;0;0;0;36;10;23;0;0;0;5;0;0;0
RP11-203M5.6;0;1;0;0;0;0;2;0;0;0;0;0;1385;0;0;0
RP11-20I20.4;1;4;0;2;45;5;0;0;3;1;0;242;7;0;22;18
RP11-213H15.4;0;2;1;1;1;0;0;3;1;0;44;1;0;0;0;1
RP11-21J7.1;0;0;0;6;0;39;0;0;0;0;0;0;0;0;0;0
RP11-221J22.2;0;1;0;0;0;0;0;0;34;0;1;0;1;0;0;0
RP11-22N19.2;0;2;2;0;1;0;7;36;19;0;83;1;0;0;0;1
RP11-242C19.2;0;0;2;0;0;0;1;1;1;0;16;0;0;0;0;0
RP11-256L6.3;0;0;16;0;0;0;0;0;0;0;46;0;0;0;0;0
RP11-265P11.1;0;11;0;1;0;0;0;0;0;0;0;0;0;0;0;0
RP11-294C11.2;25;11;1;5;0;0;0;0;0;2;0;6;1;224;2;0
RP11-295P22.2;3;0;0;0;0;0;0;0;0;0;0;0;0;18;0;0
RP11-297B17.3;11;29;1;1;1;1;1;0;0;1;1;1;1;0;1;1
RP11-306K13.1;0;2;0;0;0;0;0;0;0;0;0;0;15;0;0;0
RP11-321E2.12;0;0;0;0;0;0;0;0;0;0;11;0;0;0;0;0
RP11-321E2.5;0;0;0;0;0;0;0;0;0;0;23;0;0;0;0;0
RP11-324E6.6;0;0;5;0;0;0;1;6;5;0;42;0;0;0;0;0
RP11-330H6.5;18;16;1;1;0;0;0;0;1;1;1;0;146;3;0;0
RP11-330H6.6;5;3;4;1;0;0;0;0;0;0;2;1;19;0;0;0
RP11-342D11.3;6;0;0;47;7;1;0;0;0;1;0;1;0;1;3;1
RP11-344B23.2;2;10;0;0;0;0;0;0;0;0;0;0;0;0;0;0
RP11-34P13.15;4;3;2;1;1;2;3;27;17;3;229;0;2;0;3;2
RP11-34P13.16;3;5;0;1;0;2;0;15;21;2;154;0;4;0;0;0
RP11-34P13.9;3;5;2;4;1;3;6;20;20;3;120;2;7;0;3;2
RP11-356N1.2;2;7;1;0;0;0;7;24;2;0;2;0;0;0;0;0
RP11-362F19.1;4;6;1;1;0;0;5;80;269;0;1;1;0;2;1;0
RP11-362F19.3;0;2;0;0;0;0;2;31;6;0;0;0;0;0;0;0
RP11-389C8.2;0;0;0;0;0;0;16;1;0;0;0;0;0;0;0;0
RP11-424I19.2;0;0;0;0;0;0;0;1;0;0;18;0;0;0;1;0
RP11-426C22.4;0;1;1;1;1;0;18;2;3;0;0;3;0;0;2;0
RP11-426L16.10;0;0;0;0;0;0;0;0;1;0;0;0;32;0;0;0
RP11-440I14.2;0;0;43;0;0;1;0;0;0;0;0;0;0;0;0;1
RP11-44F14.1;1;1;24;1;1;1;2;13;3;1;71;1;1;0;1;1
RP11-455F5.3;1;0;0;0;0;0;0;0;0;0;30;1;0;0;0;1
RP11-456H18.2;0;0;0;0;0;0;3;12;2;0;4;0;2;1;0;0
RP11-467L13.7;3;3;4;3;1;1;4;8;6;3;85;2;1;1;2;2
RP11-482G13.1;2;5;1;2;0;1;1;28;20;2;124;1;1;0;2;2
RP11-4C20.4;1;1;2;0;0;0;6;19;7;0;1;0;1;0;0;0
RP11-501J20.5;0;1;65;0;0;0;0;0;0;0;0;0;1;0;0;0
RP11-511B23.1;10;5;0;0;0;0;0;0;0;0;0;0;0;2;0;0
RP11-529A4.7;0;0;11;0;0;0;0;0;0;0;0;0;0;0;0;0
RP11-568J23.8;3;15;0;1;0;0;3;4;0;3;0;0;0;5;0;0
RP11-588H23.3;24;3;2;1;1;1;0;1;1;1;1;1;0;7;1;1
RP11-588L15.1;1;0;0;0;0;0;6;12;6;0;46;0;4;1;0;0
RP11-588L15.2;1;1;0;0;0;0;1;4;3;0;13;0;1;0;0;0
RP11-597D13.9;1;2;0;0;0;0;11;37;15;0;0;0;1;0;0;0
RP11-603B24.1;2;1;0;60;7;76;0;0;298;0;0;27;0;0;7;34
RP11-603B24.6;0;0;0;0;0;0;0;0;10;0;0;0;0;0;0;0
RP11-605P22.1;0;0;0;0;2;0;0;2;0;0;4;14;0;0;2;0
RP11-610P16.1;0;0;2;0;0;0;4;0;1;1;0;0;107;0;0;0
RP11-619I22.1;3;1;0;2;3;1;0;8;10;1;63;2;1;1;2;1
RP11-61O1.2;0;0;0;15;1;0;0;0;0;91;0;0;0;0;4;5
RP11-676B18.1;0;0;0;0;0;0;0;0;0;0;10;0;0;0;0;0
RP11-692N5.2;0;0;13;0;0;0;4;2;1;0;3;0;0;0;0;0
RP11-693J15.5;7;17;0;0;0;0;0;0;0;0;0;0;1;0;0;0
RP11-6B19.1;0;0;0;1;0;0;0;0;12;0;0;0;0;0;0;0
RP11-701P16.2;2;5;7;0;1;0;8;35;15;0;118;1;1;0;1;1
RP11-704M14.1;0;0;404;0;0;0;0;0;0;0;0;0;1;0;0;0
RP11-704M14.2;0;0;68;0;0;0;0;0;0;0;0;0;0;0;0;0
RP11-71G12.1;0;0;0;0;0;0;0;0;0;0;0;0;277;0;0;0
RP11-71L14.3;0;0;0;0;0;0;0;0;0;0;0;1;13;0;0;0
RP11-736I10.2;0;0;17;0;0;0;0;0;0;0;0;0;0;0;0;0
RP11-73G16.2;0;0;0;0;0;0;0;0;0;0;0;0;186;0;0;0
RP11-750H9.5;6;10;12;0;0;0;112;166;337;0;154;1;1;1;0;0
RP11-770G2.2;1;0;2;1;0;0;0;1;2;0;23;0;0;0;1;0
RP11-779O18.3;1;1;6;2;0;0;6;9;6;3;55;1;0;0;1;1
RP11-785D18.3;20;1;0;0;0;0;0;0;0;0;0;0;0;6;0;0
RP11-7F17.3;0;0;0;0;0;0;0;0;0;0;72;0;0;0;0;0
RP11-812E19.9;7;3;0;0;0;0;0;0;0;0;0;0;0;93;0;0
RP11-829H16.3;52;3;1;1;1;1;0;1;0;0;0;1;1;1;0;0
RP11-84C10.2;0;1;0;0;0;0;10;3;0;0;0;0;2;0;0;0
RP11-864G5.7;0;0;32;0;0;0;0;0;0;0;0;0;0;0;0;0
RP11-875O11.3;0;0;1;0;0;0;0;4;0;1;44;0;0;0;0;0
RP11-883A18.3;4;3;2;2;1;1;1;1;1;2;3;1;24;3;1;1
RP11-903H12.5;5;2;0;1;1;0;10;21;0;0;0;0;3;2;0;0
RP11-925D8.3;1;1;1;0;0;0;1;30;10;0;136;1;0;0;0;0
RP11-978I15.10;0;0;14;0;0;0;0;0;0;0;0;0;0;0;0;0
RP11-98G13.1;0;0;0;2;0;12;0;0;0;0;0;0;0;0;0;0
RP1-228H13.2;3;6;0;0;0;0;3;24;53;1;4;0;0;0;0;0
RP1-229K20.5;0;1;0;0;0;0;2;12;2;0;169;0;0;0;0;0
RP1-229K20.8;0;0;1;0;0;0;0;4;0;0;14;0;0;0;0;0
RP1-229K20.9;0;0;1;0;0;0;1;1;1;0;34;0;0;0;0;0
RP1-244F24.1;0;0;0;0;0;0;0;0;0;0;0;0;10;1;0;1
RP13-644M16.4;0;0;12;0;0;0;0;0;0;0;0;0;0;0;0;0
RP1-45C12.1;2;6;2;1;1;0;0;1;1;1;2;2;40;2;0;1
RP3-388E23.2;0;1;2;1;1;1;0;0;0;1;0;1;11;0;0;0
RP3-416J7.4;0;1;0;0;0;0;0;0;0;0;0;0;10;0;0;0
RP3-477M7.5;0;0;0;1;0;0;0;0;0;93;0;0;0;0;1;0
RP3-522P13.1;0;0;0;0;0;0;14;4;6;0;0;0;4;0;0;0
RP3-522P13.3;0;0;1;1;0;1;15;3;9;0;0;0;3;0;0;1
RP4-647C14.2;0;1;0;0;0;0;1;1;0;0;0;0;45;0;0;0
RP4-669L17.8;0;2;0;1;0;0;1;4;4;0;26;1;1;0;0;1
RP4-673D20.3;1;1;2;0;1;0;2;4;0;0;23;0;0;0;0;0
RP4-718D20.3;0;0;21;0;0;0;0;0;0;0;0;0;0;0;0;0
RP4-799P18.3;0;0;0;0;0;0;0;0;0;0;0;0;19;0;0;0
RP4-799P18.4;0;0;0;0;0;0;0;0;2;0;0;0;32;0;0;0
RP4-799P18.5;0;0;0;0;0;0;0;0;0;0;0;0;10;0;0;0
RP5-1011O1.2;0;0;12;0;0;0;0;0;0;0;0;0;0;0;0;0
RP5-1027G4.3;0;0;17;0;0;0;0;0;0;0;0;0;0;0;0;0
RP5-1031D4.2;0;0;0;0;0;0;0;0;0;0;0;0;17;1;0;0
RP5-1158E12.3;0;0;0;19;3;0;0;0;0;8;0;0;0;0;2;3
RP5-906A24.1;0;0;0;0;0;0;0;0;0;0;0;0;12;0;0;0
RP6-91H8.3;1;1;6;2;1;6;34;2;2;1;2;2;2;0;2;3
RPL12P18;0;1;0;8;2;0;0;0;0;30;0;0;0;0;1;0
RPL12P47;5;39;0;4;0;0;0;0;0;1;0;2;0;0;2;0
RPL7AP64;0;2;0;0;0;0;13;27;2;0;0;0;0;0;0;0
RPS15AP30;0;1;0;1;3;1;2;5;50;2;7;2;0;0;4;0
RRAS;1;1;0;2;1;1;2;5;19;2;0;1;1;0;2;1
RTN1;1;1;0;0;0;0;68;26;20;0;1;0;0;0;0;0
RXFP2;0;0;0;0;0;0;0;11;1;0;0;0;0;0;0;0
S100A8;44;98;14;0;0;0;179;962;116;0;4342;2;0;7;0;0
S100A9;143;251;26;1;0;0;603;2968;320;1;8460;5;0;19;0;1
S1PR3;0;2;0;0;0;0;1;27;1;0;0;0;0;0;0;0
SCAMP5;2;1;1;1;1;0;0;0;1;1;0;2;271;8;0;0
SCARA5;0;0;0;0;0;0;1;0;0;0;0;0;96;0;0;0
SCARB1;25;12;2;3;2;5;46;25;7;4;5;3;160;9;2;4
SCARF1;1;1;2;0;0;0;6;12;2;0;42;1;1;0;0;0
SCART1;1;1;1;3;1;30;0;0;2;1;1;1;0;0;1;1
SCML2;0;1;1;1;1;1;2;0;1;2;0;1;23;0;0;1
SCN9A;0;0;4;0;0;0;6;1;0;0;1;1;67;1;0;0
SCT;0;0;0;0;0;0;0;0;0;0;0;0;51;0;0;0
SDR16C5;13;0;0;0;0;0;0;0;0;0;0;0;0;0;0;0
SERINC2;0;1;0;0;0;0;0;5;1;0;0;0;13;0;0;0
SERPINF1;27;25;5;10;10;6;57;12;8;25;7;9;1814;20;8;8
SERPINF2;1;1;0;0;0;0;6;1;0;0;0;0;25;0;0;0
SF3A3P2;0;0;0;1;1;0;2;3;2;0;1;2;13;0;1;1
SFTPD;0;0;0;0;0;0;0;0;15;0;0;0;0;0;0;0
SGMS2;1;1;0;0;0;0;12;18;5;0;0;0;0;0;0;0
SH2D1B;4;5;0;0;6;0;1;0;84;0;1;580;0;1;27;0
SHD;0;0;0;0;0;0;0;0;0;0;0;0;93;0;0;0
SIGLEC10;97;81;17;2;5;2;41;68;490;1;155;14;5;2;5;5
SIGLEC20P;0;0;0;0;0;0;5;1;13;0;0;0;0;0;0;0
SLAMF8;0;1;0;2;11;1;47;4;3;2;0;9;0;0;7;7
SLC12A3;1;1;0;0;0;0;0;0;0;0;0;0;85;0;0;0
SLC22A4;1;1;0;0;0;0;6;25;4;0;111;0;1;0;0;0
SLC23A1;10;10;1;1;1;1;0;0;0;1;1;1;32;7;0;0
SLC24A3;0;0;12;0;0;0;0;0;0;0;0;0;0;0;0;0
SLC25A37;135;179;11;29;19;23;49;55;41;36;1325;22;11;11;19;27
SLC25A47P1;0;4;0;0;0;0;0;0;0;0;3;0;21;0;0;0
SLC35F3;0;0;0;0;0;0;0;0;0;0;0;0;19;0;0;0
SLC38A11;3;37;0;0;0;0;0;0;0;0;0;0;2;0;0;0
SLC41A2;2;3;2;1;2;1;23;0;2;0;0;2;78;5;1;1
SLC45A3;2;3;294;0;0;0;0;0;0;0;0;0;0;0;0;0
SLC45A4;0;0;5;1;1;1;1;1;1;1;20;1;0;0;0;1
SLC46A2;2;3;0;0;0;0;28;102;53;0;0;0;0;0;0;0
SLC4A10;0;0;2;9;2;223;0;1;1;2;2;3;0;0;2;14
SLC4A3;0;0;0;0;0;0;15;0;1;0;0;0;43;0;0;0
SLC7A5;2;1;3;2;3;10;3;1;0;1;0;2;52;7;5;6
SLPI;0;0;0;0;0;0;0;0;0;0;38;0;0;0;0;0
SMIM25;5;10;2;0;0;0;16;113;940;0;402;4;0;1;0;0
SMIM5;1;2;1;0;0;0;1;1;1;1;0;0;50;0;0;0
SMIM6;1;0;0;0;0;0;0;0;0;0;0;0;10;0;0;0
SMPD3;12;8;9;6;9;5;6;4;6;4;9;10;326;3;17;7
SNED1;95;21;0;23;2;3;0;2;15;15;0;0;0;4;3;2
SNORD3B-1;2;2;2;0;0;1;7;19;5;0;0;2;4;2;1;0
SNRPD2P1;2;3;0;0;0;0;2;0;0;0;0;0;33;0;0;0
SNX29P2;41;212;4;3;4;1;15;4;4;3;1;8;10;1;4;3
SOCS2;5;3;1430;30;22;46;1;1;1;22;1;49;2;2;29;21
SPATA20P1;0;0;0;0;0;0;0;3;0;0;118;0;0;0;0;0
SPIB;390;326;3;2;2;2;21;1;1;2;1;4;954;5;2;2
SPON2;7;11;10;16;215;35;3;2;12;13;1;903;35;3;131;122
SPRED1;0;0;0;0;0;0;1;1;10;0;0;0;0;0;0;0
SPTSSB;0;1;0;2;0;15;0;0;0;0;0;60;0;0;0;16
SRPX;0;0;0;0;0;0;0;0;0;0;0;0;19;0;0;0
SSPN;90;7;2;0;0;0;0;0;0;0;2;0;0;19;0;0
ST6GALNAC1;0;0;1;11;0;0;0;0;0;2;0;0;0;0;0;1
ST6GALNAC2;3;1;0;2;2;4;2;11;8;1;81;0;0;0;1;2
STAB1;2;3;1;0;0;0;21;75;12;0;0;0;0;0;0;0
STEAP1B;1;13;0;0;0;0;0;0;0;0;0;0;0;0;0;0
STEAP4;1;2;1;1;0;0;1;35;1;1;332;1;0;0;0;0
SUMO1P1;0;0;1;0;0;0;0;6;7;0;72;0;0;0;0;0
SYBU;17;5;0;0;0;0;0;0;0;0;0;0;0;0;0;0
TAS1R3;34;4;1;1;1;0;0;0;0;1;0;1;0;4;1;0
TCEAL9;1;0;0;1;0;0;1;1;0;2;0;0;12;1;0;0
TCF4;374;320;24;8;5;12;54;31;43;12;20;20;1476;97;9;5
TCF7L2;3;3;1;3;7;12;7;33;395;5;15;10;2;0;9;8
TCN1;1;2;1102;0;0;0;0;1;0;0;9;1;2;0;0;0
TEX2;3;6;6;7;9;9;10;7;5;9;2;13;116;3;7;7
TGM3;0;0;0;0;0;0;0;0;0;0;13;0;0;0;0;0
THEM5;1;1;0;9;4;25;0;0;0;1;0;2;4;0;2;9
THSD7A;0;0;33;0;0;0;0;0;0;0;0;0;0;0;0;0
TIFAB;0;0;0;0;0;0;8;0;0;0;0;0;21;0;0;0
TLR9;7;6;3;1;0;1;0;0;0;1;2;0;90;2;0;0
TMEM150B;1;2;5;0;0;0;2;19;3;0;1;0;0;0;0;0
TMEM183AP1;0;0;21;0;0;0;0;0;0;0;0;0;0;0;0;0
TMEM63C;1;0;0;1;2;0;0;2;17;0;2;0;0;0;0;0
TNFAIP6;1;1;0;0;0;0;3;32;6;0;181;0;0;0;0;0
TNFRSF10C;2;4;17;0;0;0;5;15;12;1;1643;1;0;0;0;0
TNFRSF21;0;2;1;0;0;0;7;1;1;0;0;1;351;0;0;0
TNFRSF4;0;0;2;28;0;1;0;0;0;1;0;5;0;0;1;1
TNFRSF8;2;1;0;0;0;0;4;28;108;0;15;0;1;1;0;0
TPM2;1;0;1;3;1;6;1;0;0;3;0;2;267;0;1;3
TRABD2A;5;12;2;104;23;15;9;1;2;261;2;4;3;2;23;33
TRAF4;36;43;21;8;8;10;17;2;8;5;1;8;279;5;10;10
TRAJ33;0;1;0;205;139;874;0;0;0;145;0;9;0;0;31;52
TRAJ56;0;0;0;98;24;0;0;0;0;77;0;20;0;0;3;4
TRAV1-2;0;0;0;72;175;2399;0;0;0;85;0;0;0;0;1;3
TRAV12-2;0;0;0;103;167;10;0;0;0;94;0;0;0;0;0;7
TRAV13-1;0;0;0;308;129;144;0;0;0;233;0;0;0;0;0;15
TRAV20;0;0;0;87;44;6;0;0;0;67;0;0;0;0;0;2
TRAV23DV6;0;0;0;102;8;8;0;0;0;69;0;0;0;0;1;2
TRAV41;0;0;0;78;19;0;0;0;0;64;0;0;0;0;3;4
TRAV8-1;0;0;0;63;14;17;0;0;0;40;0;0;0;0;0;2
TRAV8-2;0;0;0;98;33;45;0;0;0;71;0;0;0;0;0;3
TRAV8-6;0;0;0;93;26;17;0;0;0;67;0;0;0;0;0;3
TRBV10-3;0;0;0;130;22;17;0;0;0;90;0;0;0;0;2;6
TRBV16;0;0;0;10;1;0;0;0;0;4;0;2;0;0;0;2
TRBV26OR9-2;0;0;177;0;0;0;0;0;5;0;0;0;0;0;0;0
TRBV28;2;1;0;251;1015;128;0;0;0;236;0;12;0;0;33;28
TRBV6-1;0;0;0;142;34;364;0;0;0;89;0;0;0;0;3;11
TRBV6-4;0;0;0;24;1;909;0;0;0;18;0;0;0;0;1;13
TRDJ1;41;35;0;10;2;0;0;0;36;5;0;5617;0;3;1164;2175
TRDJ2;0;0;0;2;0;0;0;0;0;0;0;150;0;0;268;89
TRDJ3;0;0;0;0;0;0;0;0;0;3;0;163;0;0;135;246
TRDV1;0;0;0;31;21;1;0;0;0;25;0;0;0;0;2593;44
TRDV2;0;0;3;6;2;0;0;0;0;7;0;2;0;0;214;2758
TRDV3;0;0;0;3;1;1;0;0;0;2;0;7;0;0;1032;60
TREM1;14;23;3;0;0;0;101;419;74;0;2518;1;0;1;0;0
TREML3P;0;0;0;0;0;0;0;3;1;0;14;0;0;0;0;0
TRGC1;0;1;0;20;143;197;0;0;2;9;0;137;0;0;312;854
TRGC2;2;3;0;76;1066;755;0;1;2;40;0;222;0;0;2074;1228
TRGJP;0;0;0;1;50;76;0;0;0;2;0;52;0;0;130;929
TRGJP1;1;7;0;12;146;132;0;0;7;4;0;790;0;2;171;107
TRGV4;1;3;0;12;83;112;3;2;1;10;0;13;11;2;262;53
TRGV9;0;1;0;6;155;52;0;0;0;3;0;17;0;0;171;655
TRIB1;4;2;4;1;0;0;20;25;31;0;179;0;1;42;0;0
TRIP10;4;2;0;3;1;3;10;2;1;5;0;2;50;2;1;3
TRO;1;4;2;1;3;0;0;0;0;2;0;4;24;1;1;1
TSPAN1;0;0;0;0;0;0;0;0;0;0;0;0;10;0;0;0
TSPAN13;41;116;0;0;0;0;1;0;0;0;4;2;533;5;0;0
TSPAN15;0;0;0;10;1;50;3;0;1;1;0;2;0;0;1;1
TSPAN16;0;0;5;0;0;0;1;3;1;0;21;0;0;0;0;0
TTC24;7;30;0;4;14;6;1;0;0;43;0;9;195;0;21;19
TTC39A;0;0;1;0;0;0;0;1;0;0;1;0;92;0;2;0
TUBB6;42;44;0;1;0;0;31;18;7;0;0;3;203;4;0;0
U1;13;26;10;8;9;22;71;226;48;10;9;10;39;14;15;16
UBD;0;0;77;0;0;0;0;0;0;0;0;0;0;0;0;0
UGCG;38;38;5;25;16;18;17;4;8;21;8;14;872;4;15;14
UGT2B11;0;0;225;0;0;0;0;0;0;0;0;1;0;0;0;0
UPK3A;0;1;0;0;0;0;21;5;9;0;1;0;6;0;0;0
VAV3-AS1;2;21;1;0;0;0;0;0;0;0;0;0;0;0;0;0
VCAN;28;64;11;0;0;0;341;1393;113;1;1;2;0;7;0;0
VCAN-AS1;1;1;1;0;0;0;17;42;3;0;0;0;0;0;0;0
VEGFB;11;4;1;4;2;4;2;0;1;4;0;3;50;1;4;3
VIPR2;0;0;0;0;3;0;0;0;0;0;0;5;26;0;5;2
VMO1;0;0;0;0;0;0;1;0;23;0;0;0;0;0;0;0
VNN3;2;2;104;1;3;1;1;25;6;2;416;3;2;1;2;1
VSIG4;0;1;2;0;2;0;57;21;6;0;1;0;0;0;1;0
WLS;2;1;0;0;0;0;1;35;2;0;112;0;0;0;0;0
XXYLT1-AS2;1;1;0;1;0;0;1;0;0;1;1;0;10;1;0;0
ZBTB32;87;25;1;2;2;0;0;0;0;2;0;0;0;33;2;1
ZDHHC11B;0;0;0;10;1;1;0;0;0;1;0;0;0;0;0;2
ZDHHC18;4;4;14;9;11;13;10;3;8;6;261;8;2;2;10;14
ZFAT;15;11;11;8;8;7;7;7;11;12;5;8;634;22;9;5
ZMAT4;0;1;0;0;0;0;0;0;1;0;0;39;0;0;1;1
ZNF366;0;0;0;0;0;0;32;2;2;0;0;0;1;0;0;0
ZNF556;1;1;2;1;1;1;1;1;1;2;2;1;18;0;1;1
ZNF683;0;0;0;4;311;1;0;0;0;1;0;13;0;0;105;39
